Xqd0DzHaiyRqVH3WRG7hzg,5,vcNAWiLM4dR7D2nwwJ7nCA

H1kH6QZV7Le4zqTRNxoZow,2,vcNAWiLM4dR7D2nwwJ7nCA

zvJCcrpm2yOZrxKffwGQLA,4,vcNAWiLM4dR7D2nwwJ7nCA

KBLW4wJA_fwoWmMhiHRVOA,4,vcNAWiLM4dR7D2nwwJ7nCA

zvJCcrpm2yOZrxKffwGQLA,4,vcNAWiLM4dR7D2nwwJ7nCA

Qrs3EICADUKNFoUq2iHStA,1,vcNAWiLM4dR7D2nwwJ7nCA

jE5xVugujSaskAoh2DRx3Q,5,vcNAWiLM4dR7D2nwwJ7nCA

QnhQ8G51XbUpVEyWY2Km-A,5,vcNAWiLM4dR7D2nwwJ7nCA

tAB7GJpUuaKF4W-3P0d95A,1,vcNAWiLM4dR7D2nwwJ7nCA

GP-h9colXgkT79BW7aDJeg,5,vcNAWiLM4dR7D2nwwJ7nCA

uK8tzraOp4M5u3uYrqIBXg,5,UsFtqoBl7naz8AVUBZMjQQ

I_47G-R2_egp7ME5u_ltew,3,UsFtqoBl7naz8AVUBZMjQQ

PP_xoMSYlGr2pb67BbqBdA,2,UsFtqoBl7naz8AVUBZMjQQ

JPPhyFE-UE453zA6K0TVgw,4,UsFtqoBl7naz8AVUBZMjQQ

fhNxoMwwTipzjO8A9LFe8Q,3,cE27W9VPgO88Qxe4ol6y_g

-6rEfobYjMxpUWLNxszaxQ,1,cE27W9VPgO88Qxe4ol6y_g

KZuaJtFindQM9x2ZoMBxcQ,1,cE27W9VPgO88Qxe4ol6y_g

H9E5VejGEsRhwcbOMFknmQ,4,cE27W9VPgO88Qxe4ol6y_g

ljwgUJowB69klaR8Au-H7g,4,cE27W9VPgO88Qxe4ol6y_g

JbAeIYc89Sk8SWmrBCJs9g,5,HZdLhv6COCleJMo7nPl-RA

l_szjd-ken3ma6oHDkTYXg,2,HZdLhv6COCleJMo7nPl-RA

zo_soThZw8eVglPbCRNC9A,4,HZdLhv6COCleJMo7nPl-RA

LWbYpcangjBMm4KPxZGOKg,5,mVHrayjG3uZ_RLHkLj-AMg

m1FpV3EAeggaAdfPx0hBRQ,5,mVHrayjG3uZ_RLHkLj-AMg

8fApIAMHn2MZJFUiCQto5Q,5,mVHrayjG3uZ_RLHkLj-AMg

uK8tzraOp4M5u3uYrqIBXg,4,mVHrayjG3uZ_RLHkLj-AMg

6wvlM5L4_EroGXbnb_92xQ,5,mVHrayjG3uZ_RLHkLj-AMg

345nDw0oC-jOcglqxmzweQ,5,mVHrayjG3uZ_RLHkLj-AMg

u9ULAsnYTdYH65Haj5LMSw,4,mVHrayjG3uZ_RLHkLj-AMg

pdHC0oAcG7gNdhuFRAUu0Q,5,mVHrayjG3uZ_RLHkLj-AMg

tAKjY3bQXH51msJbOHYPmQ,5,mVHrayjG3uZ_RLHkLj-AMg

Kq8-FUG7d_MT2qRNiNBJnA,4,mVHrayjG3uZ_RLHkLj-AMg

ay9H1RpjbBkaiXGxfh7LaA,4,KayYbHCt-RkbGcPdGOThNg

JbWnXwjLaO1kncUkQOMajg,4,KayYbHCt-RkbGcPdGOThNg

4-3IU5uUH90m21TWbZhhnA,4,KayYbHCt-RkbGcPdGOThNg

bcwr1bFov3PSa1FiGfpc9g,3,KayYbHCt-RkbGcPdGOThNg

Sjb5e5-gKoLXueFDMc2R8Q,4,KayYbHCt-RkbGcPdGOThNg

tnArVArlj5usJLZbq9ydbQ,5,KayYbHCt-RkbGcPdGOThNg

W_NfPGdpM0286WBDNSvY5g,3,KayYbHCt-RkbGcPdGOThNg

h-A_xNeB_xSbc0psqHyoJg,5,KayYbHCt-RkbGcPdGOThNg

GcBAIs4pzeK6OzHpawgZlg,2,KayYbHCt-RkbGcPdGOThNg

tkYwzVUMztdjNuqsNhAP5A,5,KayYbHCt-RkbGcPdGOThNg

qswY4Psj6SdtwJABNx0eng,5,KayYbHCt-RkbGcPdGOThNg

udy8pMNA09YDs98e51wXZQ,3,KayYbHCt-RkbGcPdGOThNg

xzie68uK2ViI0ddnLHw1tw,1,b12U9TFESStdy7CsTtcOeg

trYPAmnPz6ChpIgx0jGbyg,1,b12U9TFESStdy7CsTtcOeg

XTp6S7yXL7HluVUaBYdbyQ,1,b12U9TFESStdy7CsTtcOeg

RsaEvod4EOBYIdbRBBv0sw,4,b12U9TFESStdy7CsTtcOeg

5noqL9IulqZx326u6eg4Rw,1,b12U9TFESStdy7CsTtcOeg

072tu2_MFWmw-jb1O6DQYg,4,Sktj1eHQFuVa-M4bgnEh8g

5eR_TeDFbOmv28MoRwH-lw,4,Sktj1eHQFuVa-M4bgnEh8g

4cW3iQW6JD1C8VxYP0eyXg,4,Sktj1eHQFuVa-M4bgnEh8g

4cW3iQW6JD1C8VxYP0eyXg,4,Sktj1eHQFuVa-M4bgnEh8g

BNiS6iuXJHMqTyuKQgyHYQ,1,3ZVKmuK2l7uXPE6lXY4Dbg

nEYPahVwXGD2Pjvgkm7QqQ,2,3ZVKmuK2l7uXPE6lXY4Dbg

Z2HWwo5mIEc8SIVZH0IlfQ,4,3ZVKmuK2l7uXPE6lXY4Dbg

T_wjLgPOPXry7Bea4MzoVQ,3,wJr6kSA5dchdgOdwH6dZ2w

LaPatM6c289ClpysmzZpdQ,3,wJr6kSA5dchdgOdwH6dZ2w

vGI3dbg5zFRXBg4eVVmGSg,4,wJr6kSA5dchdgOdwH6dZ2w

9MmWbiE7txW_OplDAnoaqA,2,wJr6kSA5dchdgOdwH6dZ2w

q7MrNVt1FE23rwtWmPYWHg,4,wJr6kSA5dchdgOdwH6dZ2w

7KoVg5QMjYu8taLFSE7hNA,4,wJr6kSA5dchdgOdwH6dZ2w

G4PZXgVGd-6zG9jJBQNl5A,5,wJr6kSA5dchdgOdwH6dZ2w

T_wjLgPOPXry7Bea4MzoVQ,2,yXuao0pFz1AxB21vJjDf5w

bvu13GyOUwhEjPum2xjiqQ,3,yXuao0pFz1AxB21vJjDf5w

tAKjY3bQXH51msJbOHYPmQ,2,fNGIbpazjTRdXgwRY_NIXA

NwAlaSEjsWiiZlqnBOm1fA,5,fNGIbpazjTRdXgwRY_NIXA

aOHQ9MlorpvL71Y6qC9v2A,5,fNGIbpazjTRdXgwRY_NIXA

c67-0jrGj8tcW7M7TzqsqQ,4,fNGIbpazjTRdXgwRY_NIXA

L_aMQmKqw5TTcWRYGI2CAQ,5,fNGIbpazjTRdXgwRY_NIXA

PrMlXX6fbMsJie9ausN41g,3,b9WZJp5L1RZr4F1nxclOoQ

FNbm3ycU2BF8C17UFfWzOg,4,b9WZJp5L1RZr4F1nxclOoQ

EtSjuNdguCE9AcmCOVYqxw,5,b9WZJp5L1RZr4F1nxclOoQ

l-KVyeKBFWpAttOKBcM07A,4,b9WZJp5L1RZr4F1nxclOoQ

dxJK0ZLxRsQY16-wwKjzIQ,5,b9WZJp5L1RZr4F1nxclOoQ

gl46Pxc4OzLai8JVyxUIwA,5,b9WZJp5L1RZr4F1nxclOoQ

tgKy3r3vI7xMO8ZPh86M3Q,4,b9WZJp5L1RZr4F1nxclOoQ

Yv0JrZLmUWBmsWwaxuRQtg,5,b9WZJp5L1RZr4F1nxclOoQ

ei4yFnLZMJkxm49KC5Jtww,5,b9WZJp5L1RZr4F1nxclOoQ

9cCTmiJ7hz35rHIdr8n9kA,5,b9WZJp5L1RZr4F1nxclOoQ

ob2NmltzrzoNBRDfJqitlg,4,b9WZJp5L1RZr4F1nxclOoQ

LgkDx-_5hoNlBrNezwyTtA,4,b9WZJp5L1RZr4F1nxclOoQ

bcwr1bFov3PSa1FiGfpc9g,4,b9WZJp5L1RZr4F1nxclOoQ

AY-W59xCVPDaCaOKJOQUhw,5,b9WZJp5L1RZr4F1nxclOoQ

q7MrNVt1FE23rwtWmPYWHg,3,b9WZJp5L1RZr4F1nxclOoQ

gcjQt9J7TdnMhZGwDHuXcA,5,b9WZJp5L1RZr4F1nxclOoQ

irPsx5KWCwVX44AlSltXXA,5,b9WZJp5L1RZr4F1nxclOoQ

1giup8Tfm44sYcFoN3PmwQ,5,b9WZJp5L1RZr4F1nxclOoQ

9Ify25DK87s5_u2EhK0_Rg,5,b9WZJp5L1RZr4F1nxclOoQ

GwcBPWbgjegIxXViOdSuVg,5,b9WZJp5L1RZr4F1nxclOoQ

Nhvkukz5MECqEUQVfh6A6w,4,b9WZJp5L1RZr4F1nxclOoQ

fFXsUH9uLapH_BopOIBKHA,5,b9WZJp5L1RZr4F1nxclOoQ

1VMTfE5MlQyDIRGWDSNsvA,4,b9WZJp5L1RZr4F1nxclOoQ

rGuk1S7MIU8M9ZE2mulVsg,5,b9WZJp5L1RZr4F1nxclOoQ

ElHMvz-1_xfOl_noq_2Utg,5,b9WZJp5L1RZr4F1nxclOoQ

GYSqprhDteK52ILOBaFCIQ,5,b9WZJp5L1RZr4F1nxclOoQ

Dg9xy4ZbsteCBUL_sjaNKA,4,b9WZJp5L1RZr4F1nxclOoQ

PShxCNSE1_YmNDJOFzyTRA,5,b9WZJp5L1RZr4F1nxclOoQ

HzB5eZLSabmOUDc3ItgIcQ,5,b9WZJp5L1RZr4F1nxclOoQ

f6sXlAT1R6F5NMIAeUHpXQ,5,b9WZJp5L1RZr4F1nxclOoQ
